id,answer
36deab86-cfd3-48b5-9bea-a36c1b0e63a8,A
2b5bbd26-45e8-4768-ab8a-b5dc1d153ab7,B
8a722080-bc16-49db-89c9-100cd61cd28a,A
75316e95-88f4-4fef-83b9-dde0aa52889a,A
bcca13bc-2675-4645-82cc-7e4c412ed294,$aapl $intc $googl $msft $fb $twtr $t $bac $bac $bac $bac $bac $bac $
ff5b5d2e-5fa1-4709-a9a7-681e4d4585bd,A
d7a45917-d0f9-476e-912d-ebc5af9333a1,B
e625dbc8-f448-4c53-9a78-6c3f351b49c3,is the 21-day expected return of $gs? |rt AT_USER what is the 21-day expected return of $gs? |rt AT_USER what
9bea42e5-3c21-46dc-93f7-0017f382f7cf,rt AT_USER podcast: $gs' john waldron chats with #gsinnovators from AT_USER & AT_USER about building brands |rt AT_USER
0925a4d7-8546-46a8-834f-20f58f16bc99,"A. Escalate the case to senior management for their review and decision, but delay any reporting to AMLO until after a full internal investigation is completed"
dc0aa42f-569d-4277-8149-b645f3cf9888,A.
b9964445-c648-4661-ad85-7e5e4cd0feb4,2017-11-27: rt AT_USER the consumer is more strapped then consensus wants to lead on. non supervisory #wages near cycle highs
a803daca-2cab-4d53-be68-c75fb71da84a,-10-26: price moves vs expected moves $esrx $bmy $gild $pfe $vrx $celg $thc $
1ca64702-d7d7-4a9a-987a-4e58938a3b96,B
6caca908-0f01-43b8-a2f4-674d30d03891,C.
4485f013-35ce-4f02-92a9-ae8299565de5,C
81747de9-22c1-47e7-a6c2-36116f90d772,A
5dca8ccf-cfa3-4b2f-943c-0d4a28cadf46,#stocks #tech #india #china #growth #battle #bigtech #baba #googl #fb #amzn #msft #t
aa5ad602-ac8c-428f-8d08-c7170638b851,A
e4eb6222-3aeb-4dec-b5ea-3d66ec2223f3,"^ixic, $^tlt, $^vix, $^ndx, $^spx, $^ixic, $^t"
864e54f2-c66a-4009-83e7-7c53a817d4a5,A
9c4775a4-f5ca-49e9-815f-d6491ed0612e,B
25027061-c540-4c98-b3a2-f3342ab56179,B
ee2a16e1-1d47-427c-97ae-ad44162984cb,A
f101430b-bbe2-4803-a5ab-691e6295b1f9,. $fcx $scco $copper $gold $silver $platinum $palladium $palladium $palladium $pall
eb23455d-9d29-4e56-b7c1-383a71e1e4cc,D.
b0f3c24c-849e-4de9-896b-a3c0b7baa649,A
f259d90e-7120-4459-a814-a456011fc840,"chk #energy #investing #turnaround|rt AT_USER evening most tweeted mid caps, check out gambiste top 10: $pzza $sr"
52823831-b62d-4a94-89a0-afbce85815ce,A
9f003d54-1999-4b42-9b85-8b9948ad00d8,"carbon price"" could impact its business. |exxon mobil $xom receives news sentiment score of 0.15 |exxon mobil $xom receives"
a1c3478a-d9ae-4e50-8feb-6bab95236e70,A
b67007a5-e402-44f3-8310-a03e82aae300,"A. Advise that the launch must be delayed until all systems are compliant with BOT cybersecurity guidelines, ensuring full data encryption and protection before going live."
18d090c5-fdb3-4432-bc8f-724484060a34,A
07b70d56-3738-4458-b9c6-b49dc48b3541,A.
53be4f07-fab4-4536-bc89-044a480d0e67,A
052dd83c-9e8e-47f3-880d-d89a08c9da5e,D.
60ac44e1-9dab-4480-8329-473b7b6bc58e,A
686fd450-cef8-49b3-9a3d-fb4a1471ee7b,A
b3879d43-60ad-46c5-930d-5f2296e1311d,A
ca9322b9-83ac-445c-b797-0c0491b99411,"A. ABC should immediately halt the trading activities in question, conduct an internal investigation, self-report to the SEC Thailand, and review its compensation structures to discourage"
c5d43d55-3a4d-442e-afa9-4b04bf10ea3a,A
e32c85f9-6dca-46fb-bae4-7b1e929e8304,A
14a8a716-b488-4848-944a-558f54c1e08a,A
9cd693df-44be-42b3-bd28-1dfb7e8f88ed,A
11238893-60fd-4b99-82c1-fa612e2c2f05,A
c6c767fc-efd3-4f39-a79f-0aab65ebbac9,A
63010eac-025c-4be8-bb45-d7b4cbdbea0a,A
9adea360-0371-4a0a-9d16-fbd6117a95d8,spoke today  $dis $goog $googl $a¡­|rt AT_USER we nailed this one at the #dealeconomy conference where i spoke
99aa42a2-8b0c-498e-9df2-11f3e5050776,"A. Require ABC Asset Management to revise the prospectus to include clear and comprehensive explanations of the derivative risks, potential loss scenarios, and ensure disclosures are understandable"
8bdaa88e-7426-40cc-8e74-366f75db77a5,D.
dda08fd7-6c69-40fb-a50a-d01a72de6ee6,A
ed45ca23-3f20-4662-9dde-afcc3f20b0be,zn $fb $aapl $t $bac $msft $gm $fcx $baba $amd $bac $bac $bac $bac $
aa6b1b87-34e3-4b67-9fbc-a55a6b2af6a6,C
d9825631-a11e-463b-988f-4e070213f92b,"$xom, $baba, $nrg, $cvx, $ge, $oas | $xom, $bp, $cv"
8fafdfe8-7ef5-45c1-8283-c9d94915d04d,"A. ABC Asset Management should have delayed onboarding Sunrise Holdings until the UBO could be clearly identified and verified, even if it meant losing the business opportunity"
54e87d21-d3ad-4dab-bb41-563eeb95750b,A
29efb2ab-4920-4cb8-bae7-6a12f0c0b6b0,is in ichimoku golden cross winning 60.00% in the past. |don't miss our next free option trade.  sign up for our
9366d493-bebe-4bfc-8fd6-1dea83d09bb1,A
43870ef5-80b7-455e-b18d-a5060cfc42fd,A
84136d86-4cb4-4723-8d85-0a2bc9d06d47,: #breaking 2nd woman says us senator al franken of minnesota groped her without consent in another sexual assault bo¡­ |head to head
9848b932-bf14-47ed-892d-839fbb4c9b29,"ับมาเป็นปกติ  
2017-11-10: $amzn $ge $baba $msft $aapl $goog $"
3118667a-9de4-4d6b-a833-0aa98ef26c12,A
ebd5d7c2-3153-4e06-afca-71fed1f24c34,"B. Report the incident to the SEC as a potential violation of market manipulation rules, initiate an internal disciplinary process against Mr. B, and implement enhanced monitoring"
465b59b5-1a3a-48dd-be68-e3f4caf6c72a,B
806692d1-f246-4d9d-a294-f2bcae550c86,­ |$wmt up 40% ytd and company will have its biggest christmas season ever. |$wmt up 40% ytd and
c6cda2fe-3e0a-49b3-9e7d-fdffa0942258,A
c0f8b091-95aa-4ac9-b08f-f812a5f7b5f8,B
1a87c3d0-83f0-405a-9076-82aad4ca5ae6,A
ec7802de-94fd-46f9-8c05-eb4644465131,A
458050dc-92aa-4861-82c1-442069f8b6ff,A
88246405-aff7-4cdd-8e4e-c321511a3995,: 12/22/2017 |retweets: 0 |likes: 0 |comments: 0 |shares: 0 |url:
8ecfce58-561a-4b7f-982f-af4407174937,A
6861f3dc-eeb5-4fb5-a697-9bd290b21439,A
e696199c-f2b7-47a0-a6eb-1a2f65ecac4d,B
4188098a-676e-41bf-956d-e9769d45553d,A
6bfb0c4b-8464-4bfb-bc96-689624fd767e,D
071c7d5b-3923-4000-bdca-72516b91ba78,เกี่ยวกับผลิตภัณฑ์ structured note และการปฏิบัติตามกฎระเบียบ เพื่อให้สามารถให้คำแนะนำที่เหมาะ
78b14426-e0da-4c34-9db7-ea89abd93250,D
4dfb6b69-3510-4d68-83df-f98644f30e88,D
1fa8c1fa-52e0-4280-a4e0-3356241163b8,A
3dc8a9b5-e2ce-4273-a936-28141c339dc5,D
82fc1ce2-22da-40e7-ad5f-a1938ee9e1b5,D.
fca565b9-8a05-484f-8565-bca3cab90f6e,ันนี้ $fcx $scty $oke $fcx 14 puts ซื้อขายหมดอายุวันนี้ $fcx $s
023b60af-943e-4ab4-813d-e85609421fa3,B
0b6561ca-ccb3-4634-8eae-7e538d77b4bc,C
3b991e02-2162-42e6-83be-d9d80f3084eb,A
df0f32d8-8ee3-4551-a5b1-4d83347713e9,A
1460c369-2282-432d-a63a-e72033a84551,A
fa9e0aa3-7557-4a63-9c28-644aa7e03cd6,"B. Report the suspected market manipulation to the SEC, initiate an internal investigation, and suspend Mr. A from trading pending the outcome."
9980f285-fe19-48ab-bed1-0db8a38025b6,B.
71b5779f-1ad1-470e-86f4-1132894c8828,"A. Immediately file a Suspicious Transaction Report (STR) with the Anti-Money Laundering Office (AMLO), escalate the case internally, and"
5d849e44-64c9-4a47-a9ff-f0fd0fbf14fa,B
29f259c6-0df5-4aba-ab2e-538b712bd2ff,A
c7ee7235-858c-48d4-ad88-2b2a80bce290,A
e6d8e952-6600-42d1-9c0d-6435b38c330b,A
b9a40068-74c2-4dd6-911d-0072d9a7477d,A
58235cae-5b0f-4f68-b8ef-d04e9ff12633,"์

คำตอบที่เหมาะสมที่สุดคือ: C"
59409dd7-7f7b-4d99-8ec8-6813fc4b1892,C
56ce74fa-f233-47b5-8c14-49cc5d9cc604,D
7477f674-71c1-4ea9-8982-9b9e6ffce1f7,A
13ab2783-a3b1-4e87-b3f5-a124faa3edf3,C
93c60e28-c5d2-46f3-8322-c01ed956d2f0,B
147c934a-8ec7-4fb7-93a4-dadf8450e625,A
065f5386-ec07-4a64-81a8-d08c8f941837,A
293dc56b-21d4-4db0-ba7c-263e56bdf7f3,divergence. |rt AT_USER |rt AT_USER |rt AT_USER |rt AT_USER |rt AT_USER |rt AT_USER |rt AT_USER |rt
8e8b6b98-cdbd-4569-b976-3b4c00e7f8aa,A
43e41915-2c2c-4019-8367-594f00343077,best performer. |rt AT_USER $amzn $googl $aapl $fb $twtr $msft $nflx $t $dis
1067fe05-7e40-4f87-9e7b-447d4decd41b,A
355ed388-b486-4008-b2b6-4461c2216b09,A
db189b93-24ce-4da8-953a-b06cfa93e418,D.
3e293c72-c589-4454-8061-cbc4d9080150,A
60c7e672-d84a-4227-8fc3-64c4e707365e,A
7c90451a-3d8b-4ea5-b937-be7e28cfd524,D
38210e9b-bbf2-499f-801e-b2d48e797e93,A
d2e9c0c3-7ea7-4727-9541-e87543d60453,A
456118be-4934-4160-b4cc-e9f94393728b,C
cb02d54e-88b7-49a7-b7b7-3a03bb04978c,A
b838cc9c-53c5-477a-a389-6de106bd212c,A
f73b3c90-2f90-43da-b2ca-2f73fe71f190,": $chk -1.6% at $3.77. fpe 5s, nm -1.7%. e' nov'2nd"
5deeb70f-fb21-4b5a-aa7a-2168f81eb994,C
253e047e-e341-4cb1-9f88-664c2d54411c,C
a346795e-2436-4ef8-ac48-0c2dd11c957b,"D. Decline to open the account and refuse to process the investment until full customer due diligence (CDD) and source of funds verification are completed,"
722df8de-d854-4657-a98f-92c385611ca0,D.
6ae39294-d3bd-4c56-a3f3-1d5108984bc2,C.
338d4b82-1d20-4cfe-880d-42d9ec4e51db,A
8808fc1e-4d21-4b42-9494-20d0bf9007f8,A
e79a84af-d13a-4dd3-8c21-aeca796fc890,B
6ce49e4c-8ed4-40db-957b-35343809b8d2,A.
23be0f34-6a7e-42fb-b8ce-59c596060c46,A
09980997-95f6-4ad8-b06c-40ca953a666a,C
d0c2306f-91d1-49dd-8411-d376234657a2,A
b430bd91-f920-47da-b6d7-82bc3fa3eb67,A
adb6cc13-a9e3-4236-9eea-c1378b427915,B
8230bd9c-6ac4-4e55-9182-8c9235774720,B
e7269468-b899-4064-a595-077abace12e6,A
2b5d03b0-9dd7-478f-ae05-ccb2185ca527,C.
9e85181c-f3bb-4c91-a13b-6a9d634f2b83,A
b43b9a7d-4e8a-4039-a07b-88c5fe9f12f3,B
d8908bba-e894-4424-be2f-21cf1af08c8f,B
6c9b6321-9d7a-4988-a0c3-a7c7fdb04def,-bombardier dispute ramps up at us trade hearing  $ba|boeing-bombardier dispute ramps up at us trade hearing  $ba|
8196e74a-c2e2-4a47-96d1-e8028b22fb34,$cboe $twtr $goog $googl $t $t $t $t $t $t $t $t $t $t
31f069b4-77a6-40d2-a898-00e6356292d7,A
94dfff32-1961-47df-afe2-cd844f951b9d,A
83364184-384d-4589-8473-be9d76dee9a6,.5% return) |#quantmodel [240001] $trv buy at 131.10 (17.5% return) |#quant
6348a790-e8a3-4d1c-bfd3-d2e838643e4d,D
95de54ef-9cc2-4f5e-afc6-d0fd6cf9635e,i am going to be in the #nyc area. i am going to be in the #nyc area. i am going to be in the #
1ce82d55-0c6d-49ee-a6df-9d8cd46cc635,B
1689573b-58d3-40e6-a1fc-4289c9e22d3b,A
6b029f48-10bf-45e3-9997-c9743f49f70f,B
db792cce-5b60-47dc-b82a-d5198d13c22a,$cat $cat $cat $cat $cat $cat $cat $cat $cat $cat $cat $cat $cat $cat $cat $cat
816d8c21-0da9-4591-b946-5ad51bd1b1c4,A
fb77617c-0a7c-4681-a871-4e54345f469c,C
a3189073-1452-4ce7-b434-77f853a1ac3e,C
8db1e38e-dc8d-4e3b-a520-c7f3e6ad4ddd,$spi likely to jump 25pts on open after $djia $spx and $nasdaq all higher thanks to $ibm $hd &amp
4a222fdc-4184-4ba5-a699-49ed51af1b13,B
07bf0528-a3a2-43e4-86c9-8c5040ab8da5,A
a8373859-c4c0-4367-98c4-b8ecc6d06a88,A
55195adb-c94f-433b-9525-009a86a4b325,A
966804b1-9236-4096-8796-feadd7108ad8,A
459f930d-b8ee-4486-815d-fb803e4881bd,A
b3c507af-8777-46ad-ac6f-beaea5c54f88,A
4215becd-afd1-46ea-8aef-6ee6482252a5,A
c67c87fb-9e34-49ce-bbfd-afb7776a30e7,A
897a2916-5b68-487c-8d9e-c370e6f91211,A
9270c9fe-fbe5-49cf-bc5e-0e3a37e8bc75,A
b4412e44-7ed6-4b74-9c0b-25a786d12279,A
858a3fcf-5e8b-4913-b997-b6889e5b3b3d,"|$mmm option order flow sentiment is 73.1% bull
2018-01-10: $mmm option order flow sentiment is 73."
c5b9808c-deac-42a2-bbe3-7d4ad401dcbc,A
24905917-f933-4939-bd5e-12eb5b2d7718,A
3f608174-ab75-4f7b-8e94-b74f6cdd629e,C.
7860aeb7-ea22-435f-b2fc-a93d3e8f2d33,B
99902471-b658-4060-ad15-49b08849aaf5,A
d3774c70-fe80-48c2-b976-24880f87b169,A
80d4a639-8514-433c-9113-20c70e403580,C
f79a468a-53f9-43a9-bcfa-47e90aab5031,jpm $bac $ms $gs $dis $xom $aapl $amzn $nflx $tlt $tlt $tlt
ad19fb4b-f1a6-4ae8-8d5b-f4768623f3e7,"วมกลุ่มและทำให้เป็นข้อมูลที่ไม่ระบุตัวตนก่อนนำไปแบ่งปัน
B. ขอ"
a70749e2-40b4-4316-be72-caf9c325493e,$hd $ibm $aapl $googl $fb $amzn $msft $nke $unh $ibm $hd $goog
d66b72dc-0f7f-4186-a9a3-cd1aba5fb642,B
e7e52252-5af8-4f3d-9ec7-24fc7bbb16a1,B.
cef535a9-3a43-401e-bf11-67a1ec014ef1,A
84e452ca-fab9-4fbc-89b9-43261176d916,C
57df6d51-9629-4fb6-a106-70546e538952,A
95b112eb-9f3e-4008-81e3-9c7b9e8d1db6,A
2a316ff6-5c01-440b-b8bb-c296c5416915,A
1106248e-94f3-493d-b7b3-c671ccdd7a21,B
ae7107cc-6eee-482a-ae1a-5a454809640b,"|rt AT_USER jamie dimon, chairman, president & CEO of jpmorgan chase $jpm |rt AT_USER jamie dimon, chairman"
ed0074a8-aa7c-4499-8356-4720a17eb6fb,ที่ 70.00 ดอลลาร์ | $nvda $tsla $gs $gild $biib $googl $fb | $te
49f4b9c2-c4fb-4c96-a937-cdd77e53548a,A
88707356-9edf-468b-a8bf-7eb76967ccfd,A
be3cbe2e-d8fd-413d-b635-6a426c786214,A
8e634d1a-a45c-43af-bf11-8be9beab00a8,A
19df2303-341b-4c65-90a1-d27d54351713,"price target on $gs to $270.00 |commerce bank decreases price target on $gs to $270.00
2017-12-11:"
c41674ab-5e59-4254-93b6-2fd4b8749a30,A
0dc31414-ec59-41cc-9cdc-a6530a760c61,"will announce quarterly sales of $4.51 billion |zacks: brokerages expect freeport-mcmoran, inc. $fcx will announce quarterly sales"
7e51508e-e643-48b3-8ae5-74dc54542194,A
5fd3d834-beb7-4f3b-98f9-ad5619e956ba,A
d2bbdcb6-9c30-4a0d-aa3d-8b0ece79223c,A
2ab9b7e1-6a3c-4a7d-acc1-1c9871553dc1,A
371af364-7d77-47ac-86b8-2140df86f164,B
1ca68c5f-e294-45fb-b94d-05c8289695e9,$cat $vict $ott $vict $ott $vict $ott $vict $ott $vict $ott $vict $ott
fb908d08-d788-4f38-95fe-d74a693429c8,B
6cef7dd5-41b8-46d3-85cd-5d972e019908,"B. Decline to recommend the high-risk product, clearly explain to Ms. C why it is unsuitable for her, and suggest investment alternatives that align"
6bea53e8-a147-41a8-9921-71a4f922ac8b,B
06047e07-d4e1-4805-aa71-2d64624399e9,A
3911a620-1ce1-4031-bb7b-5fcce34abead,"A. Mr. A failed to act in the best interests of his client by recommending an unsuitable product and not disclosing all relevant risks, violating both ethical"
458c1dd4-0075-4b2c-8abf-79dfced7926e,A
f127f64a-4712-4870-b716-1ac81ae79922,A
786ba23c-ee38-491b-9355-4a55a5d740f4,A
0feddd0f-60c9-4bad-83d4-2a7cced2bea4,D
8c515324-260c-42a4-aa34-416cb5876f3e,C.
b88339e8-beb6-4605-b2a2-9f4e15617447,abbv $mrk $spy $lly $fgen $azn $rog $halo $mkt $bmy $pfe $g
6fc87f4e-0638-4951-a315-6e7845ba037c,"ไว้

คำตอบ: D"
cfd09c2d-6f7c-431f-9fb4-074a7bcb8179,A
3cfa6d3d-fb56-44dd-a212-e6560370fc58,C
e87ec60a-8bfa-4253-a951-7a30d23d0cc1,C
4b8d1ae4-c952-4751-8b59-3ca65122defc,A
c464c03a-0b88-4eea-9afb-40c502d65b8b,of $msft $aapl $amzn $goog $fb $twtr $t $ibm $nflx $aapl $goog $
3b97d534-fd53-4825-bacd-b40590d92531,A
9585af54-a3c1-4ace-b532-0f200fb804f0,C
cab56075-c7ea-4456-9074-f734c41d44b9,c $srmx $srmx $srmx $srmx $srmx $srmx $srmx $srm
e93efb85-ea9b-47d9-8293-97401e2c9b51,D.
3a598f2b-1b91-4b46-a036-f6dabf8d9d99,B
aeee0e6c-aef8-4276-99f6-daf21aa17922,B
a8f66015-04c5-4d66-845e-5175725ee1ef,A
b98d3b89-6a9a-4304-8a2c-30e19c2776a7,B
33ed0975-00a3-448d-b733-270afd6bf0d1,B
e0f0fa14-77ba-4060-8139-605a7b05c1d2,"-10-30: $chk -2.3% at $3.77. fpe 5s, nm -17.4%. e'"
5b0ed38d-5eb1-45a5-838d-51f5fdb8d118,C
f7a01d49-e8d8-4886-8195-c2c3bcebeb76,C
dcc0ac85-63b0-4f7b-acb9-ae1cd72b859d,C
643e3e5f-3d27-4dc5-b98e-e6abb8429278,A
1450cdb2-6dbc-40df-b8f0-13917af9f36c,D.
b52ec923-274c-4902-9128-2ce3d2b29865,A
0c424fc8-f522-4926-99a1-dae0f5982ba1,A
3c302b63-0d15-43ff-b731-e94b70574213,"$amd & $lb puts, $intc calls, $bac AT_USER & AT_USER $ibm |scan results - macd bearish signal line"
2488d489-71b4-46a8-aa64-268b8073f675,B
9dc441e5-ca12-40b3-b76e-e03bdbd0e5fd,A
1f594eee-5b89-44a9-b853-5fe5920db404,A
64fc227a-9620-487d-a899-e797e9c08000,|AT_USER คอยจับตาผลประกอบการของโฮมดีโปวันอาทิตย์หน้า $hd AMD คุณคิด
ca3ff832-288a-4bd0-8e78-2bd8f8380d6a,"B. Mr. B should refuse to accept the commission from DEF Holdings, fully disclose all material risks and his relationship with DEF Holdings to his clients, and"
dd570589-21de-48d3-9f3a-461396712ddd,"cg, $t, $csco, $ge, $xlf. am i #diversified?|$chk high oi range is 4."
254c3da2-a07b-4884-9191-2ff6070a25e1,C
a3b35677-0356-4925-ad0a-25b6cd19836b,B
4319211c-49f4-4af4-9ba8-0854ba3a8c1e,$curr $curr $curr $curr $curr $curr $curr $curr $curr $curr $curr $curr $curr $curr $curr $curr
66d40b17-9f45-43cd-8492-6712436dab30,D
8e52131d-cf4d-4c6b-95d1-2c8fa03b5f04,$gild|barronsonline: glaxo vs gilead: put up your dukes?  $gsk $gild|
dc0952ef-3be8-4255-a4d4-7f80afd639a5,C
ec9a6f77-87b5-40c8-901d-e39f3a5c0881,A
5aa996c4-a335-4aa3-94d2-15041aafd672,D
fb06a121-136e-4ed2-ba10-dc8fea7ea6b8,A
31503cdb-78dc-4018-b849-e1d08f781677,A
7d0b95b3-de8c-4582-a682-df9aa60f6322,C
4c101d4a-b3f2-4eb0-803c-cf02f0017e71,|#aviation #ba #boeing #aircraft #stocks #investing #finance #money #wealth #rich #millionaire #billionaire
12ad4556-3267-4fbb-be00-64e941aafd8c,B
88b88739-d285-4fdc-8b0a-1bdb8802f21c,A
a2a4061c-a3ad-4f10-8c18-f2d259976091,B
386c1cc6-d814-404e-a8e2-5300f3081681,"ild a buy rating in a report on friday. $gild has been the subject of several other research reports. $gild earned ""buy"" ratings from"
71b5d40c-cf25-4ab4-affa-02c3e02f32fb,้มั่นใจว่ามีการเปิดเผยข้อมูลอย่างครบถ้วนและการประเมินความเหมาะสมสำหรับลูกค้าใน
14e28099-4c6d-4d92-b328-93bf48621e85,B
d3e6b2fb-e986-4b59-896f-ec1ecf640f37,­ |$amgn open interest for maturity 12/15/2017. high put=175.00 high call=185.00 #maxpain
2bc03162-8c5c-472c-a8b8-162503e11cd3,B
d619939c-2979-4e5b-9893-90bcfc765325,-08: $dis $fox $foxa $nflx $pep $twtr $xom $yq $z $zng $
04f1c133-3e8c-4e5b-b6f0-c946e2a8b5b3,A
e3b362da-51be-4b04-a710-675c1e94f8d1,A
d0e16feb-4980-4212-86d6-7b54290fbd71,"าดู $chk |start investing A  
2018-01-10: $chk $rig $mt $slb $gg $xom $cv"
28addcbb-457a-45d3-b5f6-49dac8da9be1,C
46aff7ab-ea35-42c6-a546-c37cf2505770,D
ba9430e9-4be7-459a-9c67-818a4a7cecb8,.28.2017 - $amd $m $fcx $mon $nbr $watt $bac $mcd $dds $cpe $m
c107268e-a5fa-414b-b736-512c637dd55e,D.
8dea0c45-9a8a-4de7-9ea6-1788794cda27,A
1b15774b-156c-4dbc-9b11-32c464d2804d,A
ddc6557a-681d-42a3-9918-5f3cd0c05e41,D
695ef96b-b129-4a74-8a6b-10fee1974c6f,B
3f6d41be-ec66-492d-95df-e9d17d2aa03c,A
d64d69a5-9dc5-4ac8-bd6e-0d2266525e0c,A
3ebf2e5d-c86c-4fcd-a511-8e4139b38d30,B
1685510f-f139-4b36-bafa-0c641e4f2411,an $agn $agn $agn $agn $agn $agn $agn $agn $agn $agn $agn $agn $agn $agn $agn $
4fc850d7-7c29-4ca3-9614-426e62364660,stocks #trading #investing #finance #financials #earnings #market #stockmarket #stocks #trading #investing #finance #financial
0d4519c9-45dc-4acd-8562-eaff2e51507c,"$aal #airlines|dallasbiznews  
2017-10-30: $aal $tsla $ibb $tlt $wdc"
40d4e77f-1899-4588-a50e-622c1f5b98cf,A
e616a96f-30ec-428e-ad4f-859339e280e9,: rt AT_USER $jpm's grace peters provides investment insights on bloomberg. #jpmprivatebank |$ge $bac $aapl $
463feaf7-7a05-475a-9e0b-4c68024dc9f6,$utx $ba $cat $cvx $ibm $intc $jpm $mcd $mmm $trv¡­ |rt AT
c5ff368c-6852-461b-a437-92aa9dea33c8,price |anglo american plc #aal stock price |anglo american plc #aal stock price |anglo american plc #aal stock price |anglo american
b545cd6a-2096-4fe9-b087-6ebda6fcad60,11-07: mcdonald¡¯s corporation $mcd pt set at $180.00 by j p morgan chase &amp; co |
153b7296-aeee-427c-a7f2-f34b71157396,B
07d4daaf-9adc-48ed-ab6f-4f2f633ef2df,"แดงและเทียนสีเขียวที่มีขนาดเล็ก |market ii: ดัชนี #djia ที่ 25,000"
1c44725a-dc9a-4f71-b818-4c762bba4522,"A. Reassure Ms. C by referencing the fund’s strong past performance and omit mentioning the internal review, as long as she does not explicitly inquire"
52279b47-f0cd-41a2-9257-1d15b8c4a45d,D
a25860fa-d0bb-406a-aa61-8ee03e0d48fc,A
c60c2dbc-647a-41b3-8a31-9e5e45fbe324,A
8c4fdc62-8332-4ce2-8d9b-c81b4ead1e57,D
700cd637-5d55-4497-8b87-e98fff71664d,A
e4295489-337b-427b-a1cb-c89238008fe5,D
e032394c-695a-4180-9830-7c67bcd71d68,C
a76352ca-ef66-42a0-99ab-e780ad82dcd7,A
3e0fd2d2-782e-4364-bd5c-7b051da383c4,"ินความเหมาะสม

คำตอบ: A"
005927f1-3078-4a57-a10e-cf378130feeb,A
f060ff08-2355-4f29-976a-3db151f3aa47,A
34aa582a-467e-4fa6-8d3f-0b1d45538bf9,"urant $hd |traders sell home depot inc $hd on strength $hd |traders sell home depot inc $hd on strength $hd |
201"
53af599d-bf99-494a-92ab-74318de79038,C
e48f8afd-ae94-4425-aad8-da097689d86d,A
6f27ae92-7a2e-44e6-adcb-f4faf42157a7,A
63d036ce-8259-4f6a-b7f6-8a87203ba95a,D
3f2f8189-22ec-4ec9-a7e8-cd68ef2695b4,A.
129cf14d-1dde-43f2-8a86-9090aa068e01,B
38a9a6e1-b41e-4ba5-b3fe-a09a0495f50b,A
136d6cb5-3ff7-4fa0-b08b-eb16430e1338,D
c7236320-d409-4439-aced-5862d8c862c4,A
b2428cc5-60cd-418c-a97f-d369474c3c58,to its 1MDB scandal: |rt AT_USER podcast: $gs' heather bellini on how voice tech could accelerate the transition to ecommerce:
40e38322-4743-4704-8e74-1691d84e38f0,A
07829774-424a-4e51-a3c7-5e4d0773a7ad,$cat $nflx $twtr $t $tmo $t $t $t $t $t $t $t $t $t
87967630-ab73-41c1-8a94-8e7eb7724b31,C
12b05ba3-dbbb-412e-a73c-7aa32584aa68,A
f32a729b-40fa-40ca-9e11-17c1d327d0a6,C
9faa7719-7845-4abc-bac7-2c22b693ee80,cmg $cmcsa $sbux $sbux $sbux $sbux $sbux $sbux $sbux $sbux $sb
d07f32a4-0413-4728-ad6d-0c55701ac699,aapl $googl $ibm $pep $ko $msft $tst $crm $amzn $agn $aix $swk
a4739fdc-9266-4f1d-93dd-cc8179799ea5,C
c1669ae8-3ed4-4b9a-b9f1-f25deeb29653,D.
34746e29-01c9-4780-bcbe-1254ba8350cf,A
0d8225f8-7ccb-4c2f-921c-4117390e701e,"B. Prepare and distribute the fund prospectus and all marketing materials with comprehensive disclosures, including investment risks, all cost details, and past performance data (both"
4e994910-ea43-4ca1-a1c2-ce2dcb3e4314,A
16f75c69-e126-4a9b-922a-8aa94e1cd64e,"A. Discussing the potential for high returns of HGOF with Ms. C, while also providing all relevant risk disclosures and documentation."
6d494a75-722d-474f-935b-7e662b79368b,A
15e4a5a0-4bee-4fc0-bc2f-8fdcffa12b26,"nrg $chk $nrg $mt $rig $slb |$chk is cheap as chips, and will have to double just on potential alone."
ad3058ea-94a6-4d16-8c05-03f94ebc0727,D
b1b5c45f-6b72-47e0-a515-115acd6a61f5,A
254d405c-4eb5-404c-8730-71f32a550428,A
2a3f5fb7-531d-40d9-a9f9-de5af571da86,A
b1dcb920-1bc9-49df-9ad1-082088604664,A
970123cb-1cf9-4433-9054-4153e2315903,C
be58058f-76d3-4938-b148-e20b0181a772,A
d9235457-8f43-4c03-9cb1-d94d760e04af,7-11-13: 3m company $mmm stake reduced by yorkbridge wealth partners llc |3m company $mmm stake reduced by yorkbridge
2baca139-50ff-4573-a0b6-54745cca9503,B
ca81f25d-37fe-4fce-9a71-b777a6a9e7eb,"A. Refuse to onboard Mr. A unless a full and satisfactory explanation of the source of funds is obtained, file a suspicious transaction report (STR)"
3aa9f39d-a994-4a4b-8b3f-a349abe7b2a8,cmg $cprx $cvs $dd $dis $dow $dvn $eix $emr $esrx $etfc $
971d2b9a-2cfd-433c-90b3-085cbc01699e,A. Ms. B should have disclosed the commission she would receive from the fund but could still recommend the high-yield product if it was approved by her
3dbbff27-a761-4cb9-8c79-a33824dceeed,A
0b357a06-316f-43a5-8f61-237c99104284,A
f910043a-f0c9-4522-9171-05310e3590fe,C
34cc4a28-d945-452a-b324-c8d3d50660b5,A
a6227157-d933-4185-b184-85d01b9de996,-12-20: rt AT_USER big call buyers  $snap $adbe $ebay $cmcsa $andv $cat $qcom
a8c57a8c-74d9-4e15-826b-bee316b666df,A
e6c7a460-5ffa-4408-8004-51c27ac32cc0,A
e33d3c08-acbc-423f-8f26-9b526411bb04,ably. $vrx $pfe $celg $abbv $myl $bmy $gild $amgn $abbv $abbv
581ef551-a8a5-411a-a0ec-ca61af3c5fc9,A
c2de2651-f748-49b6-80d7-3a67cb25ea89,A
41ea0e3d-e4b9-47c7-ad10-9b8972a64930,B
82c4411f-3ad6-4823-83e6-f1403bb72ae7,A
266fbaae-524e-441b-ae30-86057cf1aae9,B.
29edf2dc-eae5-45e9-b3e4-154a5ab4ca46,C
afb73235-0524-4684-b4b9-5ac359f0d6ca,A
3dc96b06-0c12-4d71-84b2-566bf519f7b0,x financial analysis |nexa resources $nexa & freeport-mcmoran $fcx financial analysis |nexa resources $nexa & freeport-m
4f889cac-74d7-4a9a-93c1-68fbd8a864ba,B
008c77f3-e985-4ccb-9321-3187a3e99222,ระดับราคาดุลยภาพเพิ่มขึ้น ในขณะที่ปริมาณผลผลิตดุลยภาพลดลง
c949e2db-5912-4c08-8fb7-50b9ef2ffe30,A
cde3aba2-c5a4-47ec-835c-92f9b062c4af,! #contentcuration #androiddev |$gs 19-jan-18 ATM implied volatility ลดลง -1.0% เหลือ
81503475-cb97-4768-ba2b-c0721113d2e5,B
9c306032-9f09-4cf6-8443-5c014dbeb745,B
921755e2-4930-4b0a-b02b-d241eb2467de,D.
fbb4a405-0a85-4516-a030-c04e29cea187,A
b5536812-111a-45e8-9d93-e852bc9ba013,"$bmy $crgx $gild $irx $mack $mrcx $mrk $pfe $vrx  
2017"
3c92dbca-7863-437f-b8fa-f5e4acc2a553,"เกิดขึ้นและให้เธอเซ็นแบบฟอร์มประเมินความเหมาะสม
D. คุณ B สามารถแนะนำผลิตภัณฑ์ที่"
750940c9-5a1b-47cb-bf72-3bdabd156cda,|barronsonline: j&amp;j lost $175 million on achillion stock investment  $jnj via barronsedlin|#navycap
4f18cd0e-9b48-4b01-a0bc-738414d9840b,A
edc10bc9-f5fa-47ed-a805-9ed7df5bd2c5,!  $gild $biib $googl $fb $tsla $nvda $gs $bmy $icpt $mdgl $j
a04f5fef-a7f7-407f-b968-8fa954fa4c5c,C
4e12db0a-af42-40da-bd45-b62df8aa7130,3g capital portfolio adds and drops $bp $bwld $cmc $dvn $vale $cmcsa $luv $stz $m |
972fd1a2-3409-4698-9437-9a1fb88f9890,"7-11-20)
$mrk (2017-11-20)
$myl (2017-11-20)
$ntx ("
9ec4a788-8c4f-41c7-9773-4bf02a668bf8,A
b56a9051-bd7a-4bf0-b26d-df040dbe75aa,"้กับนักลงทุน

คำตอบ: A"
32c61371-f227-4ef6-982f-bcdd66b9ed21,A
105c105c-93a9-40e3-bb48-1d9928899baf,7-12-18: rt AT_USER #bitcoin is starting to play &amp; numbers are getting serious. $19k makes it #5 on AT
b48f9832-89c0-46c9-88f7-035ceb674f36,A
70da30ff-4e27-4281-a2f2-9b8644241913,D.
e8f95b11-b029-495f-bc74-243ad5748cc7,A
7ebbab46-8177-4b2e-ad49-bb12a3b8ef41,A
17fa2b22-dd8a-4330-94df-089502a67628,A
46253b6e-aa2c-43b7-a338-b76129272926,A
aef9500b-437d-45ec-9fac-d3ede6a67189,A
574ac3f7-1c65-4854-a598-fa4462f572f8,B
b959872e-6ed1-4401-8ecf-5a5ce5283aa8,"pie it gets |rt AT_US
2017-11-06: $vz $t some iphone x users say they can't activate their new devices"
76ea0494-7ef4-4e0e-a503-0c196fa67968,A
8bb9ee0b-cc49-440f-a822-766ba569f588,A
ed95455d-d342-4f89-a736-5ad23f944b05,A
e8d4b45e-3b21-4e47-b0dd-5e4d129e427f,"ือไม่  
2017-12-03: AT_USER นี่มาจากบัณฑิต $c เหรอ lmfao! เห็นได"
242f4087-26e5-4b07-a0b6-c33cd7797db3,A
c4db02ee-7dcc-44fe-a5ad-25088afe0887,C
d1304af3-591e-4a6b-8c9c-6cbb2e8d053f,A
e022589b-822a-4c5c-bad8-b96ed28854a2,"A. Reverse the trades and return the profits to the market, but do not escalate the issue further since no personal benefit was gained."
d344d958-8978-4d50-90e9-b3ff819d8093,A
e12892b3-a019-419b-b0b7-06227e17fa59,B
7202a257-7729-40f1-912b-bab5f1879997,A. ปฏิเสธที่จะรับ XYZ Charitable Foundation และยื่นรายงานธุรกรรมที่น่าสงสัย (
082bf69b-b784-4160-b76d-6a451bc5cd99,D
acea7f10-160b-467e-b0af-dc1566b6c576,A
a02f6f6f-246a-4f9e-9823-d347873a2350,": rt AT_USER what this list means to me  $jpm $102, $gs $250, $axp $95, $trv $"
0cb5c124-7942-4b65-9c1d-d27a44a71d39,A
5e7d5fc8-603f-4b26-947f-bcc8821cfee8,A
46c930ec-ef36-4f83-a0a2-b24da54ce9a6,A
d391afc8-0aa0-4ad3-b830-bfe54417e935,A
87e510c9-5916-467b-9bf1-af3722da8359,B
daeac634-ff52-4960-9dcc-e5d246b14660,A
75284b05-0429-494c-9964-ef2ea92d7e5f,A
90216f7e-ad76-4919-9987-946569349fa6,B
d59a6353-8a9a-4187-8da6-2c1f96d9ecea,C
cd5e38c4-a78a-4424-af72-320b5ad83068,A
a299e97c-a12a-403f-b305-c65842bf2f4c,A
2b12322b-fa78-443b-949a-a552a2aa23a3,A
9c0d507a-f862-46e5-bffb-56e2e9138e71,A
02bd3372-6983-4bdf-81ab-d61374619e9b,A
4752d3ed-9906-4091-babe-9d143e5212ae,"for AT_USER and get a stock like $chk, $snap, or $vz for free! make sure to follow this link!¡­ |AT"
7632c975-e9bc-425c-9a15-55b91dd98d9e,"$nflx $pep $goog |big call buyers $pep $dis $goog $nflx $fb  
2018-01-"
0eee83e1-25ec-41d0-923f-278ebaccb325,A
5d9ae971-d750-4d66-95fe-bf4c15f9b3a1,A
f0421ea0-3e86-4f27-904c-1493e91c41b9,A
c4c7f029-4d9c-46dc-b49b-d07d26b062da,B
0257e1b2-4572-4ac8-8527-27d741f9f484,"v, $utx, $vz | #dow30 #dow30components #dow30stocks #dow30stockslist #d"
33b26650-1f61-4fc3-b261-40f81a6d4076,- $djia $dia $sdow  $xom $ge $gs $mrk $pfe $bmy $vz  #stock
e8b1994e-bbfe-49ad-b8db-2a7b5c7b4590,$btc $spx $nasdaq $djia $cac $dax $ftse $jpm $tsla $es_f $cl_f $
75363c0f-d203-450c-af94-57c553d14a1b,B
4f9958a4-1dc3-45eb-aa77-09b8500d0559,A
df1de509-6d23-476e-8365-a829760cfef4,A
467c2541-c4c6-479f-8fac-ddca1554d03a,a real believer to stick with it. |rt AT_USER $xom $xom $xom $xom $xom $xom $x
cc8abe39-4737-42ab-b16d-245b1c663e7e,ibb $jbht $tsla $aa $gs $splk |rt AT_USER unusual options trade - 1.3.2018 - $
24d73e5a-f386-4500-ac9d-60cee140a3bb,C
6f1a923f-5d90-4ca7-9dfb-fbad1a2eec4d,A
f541dacc-5783-4f8e-8273-f78a1a04f5c1,". gearhart sells 10,090 shares of wal-mart stores, inc. $wmt  #insidertrading|rt AT_USER wal-m"
b0d46fd1-b6c5-45a6-84ab-12f6cfb6e9d6,D
f7fb61f4-aef9-4c11-8f3a-88016724fdcf,B
9caea094-a7bf-463b-b625-939c4eb60def,A
ee23b70c-8c2a-40ae-9e5a-1f4189bda15a,A
28b6405d-ec3c-49c3-8df9-73b89a328091,A
4df3ac61-2eef-4ef4-a1ba-9e06ef5c7e8c,A
60ea11d0-90f1-4329-a08d-d1988fe8ab2a,C
191f0cef-8eed-44c7-a465-ae4582637ff7,A
18329450-5b58-474e-b9f6-1ff2621a3544,A
35577239-1e09-43da-a99f-ad4f2a98a995,B
4bcf475c-4391-4bc7-863c-670c771f8250,C
056a96ec-6149-4695-8468-3bb33f99219e,A
794c0de8-809e-46b2-a39a-e2746504de92,rt AT_USER $ions เราได้ทำการศึกษาระยะที่ 1 เสร็จสิ้นแล้ว โดยประเมิน ionis
591311b5-5c34-4a2b-a38b-5a21c95c8892,ading #stocks #stockmarket #stocktrading #stocknews #stocktips #stockwatch #stockwatchlist #stockwatchlist #stockwatchlist #
a879b47b-2182-431e-8299-24f4e32dfff1,$mmm $nflx $twtr $aapl $dis $fb $amzn $goog |สามข้อสรุปจากฤดูกาลการ
6c7d8e07-24d9-40e7-9cec-7b8663308a5e,axp $pypl $t $ibm $msft $aapl $amzn $googl $fb $twtr $spy $qqq
a2f4a9a9-8f6d-466f-b2fb-24b03ad299ae,A
52d45a61-bfe8-4105-ad99-2a90ef336603,B
3b35b7ee-b3c3-4237-9692-d3cd73ce5c55,A.
25e9fbfe-74ed-4799-b31b-c8bce774f7e0,.2% |$ge #layoffs #layoff #layoff #layoff #layoff #layoff #layoff #layoff #lay
692b1495-5a03-4280-bc6d-bd5cfdd61fd0,D.
a03e6249-f4e6-4c24-91ab-daa9f02bf9c9,selling |allergan $agn $aapl $amzn $goog $fb $twtr $t $nflx $spn $dis |
68eb9ffa-7ae7-47bc-a83c-da5d1d4277e8,A
62310ac4-d797-4a81-9746-5ffbe6941f98,A
b6bbd627-c071-4216-80e2-7599fcb87b91,A
3c178bf3-f48c-4a09-8d8f-116852721480,A
c5dcfef4-b265-4559-9093-44cf4e16c3dd,C
d5bb8d53-69a7-4584-b354-28e5851a544f,A
417df0cd-10ee-4faa-abb3-9fa87e8b20db,"not making money in this market &amp; want consistency, try our team |$sq $nflx $amzn $amd $tsla $a"
bc66b7d0-3ac2-49b5-9800-1350b5b142cc,A
a48033fe-2bdf-4356-b08f-dbe5027e29e1,A
45d1b97e-8f4d-42d5-9082-cd3359ec6cbf,A
5bd5f68f-90d9-4d8b-b309-78550ef4d69e,C
b91d336b-b9d5-43b6-9d38-5d621c81d117,B.
091be8f8-ba0f-49d7-b936-65d311b2619f,A
29c5ad39-9344-4be0-bed6-5590131da2be,|$csl $hon $mmm $ge |$csl $hon $mmm $ge |$csl $hon $mmm $ge |$
50524206-3192-4f3e-a3f4-42aace66c76d,A
9ee0b342-46fd-49be-b001-411a98e0951e,$dis $goog $nflx $fb $googl $twx $aapl $amzn $t $msft $ibm $spy
53eb8585-c961-4190-9431-337a01d601bc,A
753f1ab4-7397-4fcd-9c73-1a1ac44331d8,A
2fb39ea7-b7ac-4399-8cfe-f9c300b87a78,D
86df7cf1-7825-45f1-a7e4-9600dcf4eb9b,B
567759cb-6ddb-4423-a5f5-ecb0a62668e8,A
6ca5d2d3-16d0-4f0b-b911-334874214a0c,B
100b91ed-1d63-4d85-aa84-51ecc4d21cbe,A
b40ff000-7b52-416c-b438-f75cb81f8794,B
04889cad-d163-42f3-aab6-085574e93266,A
468934ee-b596-4e39-b990-b16e4171fedc,ไม่ใช่การคาดการณ์ทางการเงิน) |rt AT_USER AT_USER $amzn ยังคงถือครองอยู่ |rt AT
a2cf5599-ff05-42be-a0dd-6070b4dfad81,B
31153345-5888-49ea-8c79-b0d3e3eadba1,A
0fb13ae9-8b3d-4ac8-8118-fb1af8d7844d,A
cdaacd9d-e065-4b70-afcd-33422852f08b,A
e0165075-52d1-4933-a42c-55db2c7d0cb0,A
7f79e8b5-5fbb-44dc-bb8b-2aa3c28126a3,$twtr $aapl $bac $baba $teva $fb $tsla $mu $msft $orcl $nvda $int
63ad4a41-483c-4fe3-a103-37c63fdcedf7,A
53a5d44a-144e-4c24-87ed-f8ede2b0d489,A
2699eaff-d51f-4ccc-8a15-8615d54f7a48,"vron $cvx on the news of the  
2018-01-08: #chevron $cvx bofa/merrill lowered their rating from"
4e4756bd-532e-4382-8999-831b09977d1c,B.
81373149-111d-4f41-95b9-5755ec00ff5c,A
448946ff-f302-4005-9197-5ae7f3fe598d,A
61b1912e-1895-4bfb-8c9d-6ccc3647d8ff,A
6d9410cf-37da-4c3e-9db3-3f0e726bc46c,A
398cfaa2-d91d-4740-8fa7-98cfcac894f6,C
b5421aa0-775e-4517-89ca-9df2d122086b,B
e6803272-4f47-4e8b-b288-db5df245e2f9,B
a2327a53-1119-480d-b99e-026b50f0d7ea,B
0d118fcd-437c-4d78-8ad9-e9a9bb84f44d,D
66483dd4-ad1e-45dd-b2a7-aeb44063695c,B
c9dd262e-405c-4078-baae-262aa48ddcc8,A
73c720b5-1101-4790-af52-3366823e1d32,A
357db18f-d872-416e-a07f-753099853d9c,A
2d8b1419-1c46-4e83-892a-081fb417de38,"ognition #trading
2017-12-04:  &lt;  free closer look at these industry-leading premium trading newsletters $sss $ctmx"
0ef677d5-2858-407c-9fd5-49d8afbeaaac,C
